{
  "dataset": "EICU",
  "split": "S1",
  "protocol": "P2",
  "model": "lr_l2",
  "seed": 3036,
  "phase": "PHASE1_MAIN_EXT",
  "notes": "P2: Global scaling leakage ONLY using nanmean/nanstd; NaNs preserved; imputation remains fold-safe.",
  "global_num_imputer_stats": null,
  "global_cat_imputer_fill": null,
  "global_scaler_mean": {
    "age_num": 62.274233637116815,
    "hospitalid": 261.89850869925436,
    "lab_-basos": 0.2959782608695652,
    "lab_-eos": 1.6210068259385666,
    "lab_-lymphs": 15.748629526462397,
    "lab_-monos": 7.77841634023503,
    "lab_-polys": 72.41307065217391,
    "lab_ALT_(SGPT)": 57.49743297204792,
    "lab_AST_(SGOT)": 65.12556689342404,
    "lab_BUN": 23.14439507259129,
    "lab_Hct": 34.43936451897617,
    "lab_Hgb": 11.377578475336323,
    "lab_MCH": 29.915791984732824,
    "lab_MCHC": 33.05103974121997,
    "lab_MCV": 90.4779907621247,
    "lab_MPV": 9.722365666434055,
    "lab_RBC": 3.818548313582498,
    "lab_RDW": 15.090479651162791,
    "lab_WBC_x_1000": 10.545566873339238,
    "lab_albumin": 3.0649972662657192,
    "lab_anion_gap": 10.585694050991501,
    "lab_bedside_glucose": 143.84150805270863,
    "lab_bicarbonate": 25.375766871165645,
    "lab_calcium": 8.470878870673953,
    "lab_chloride": 103.49180511899417,
    "lab_creatinine": 1.3465266402465874,
    "lab_glucose": 138.496891651865,
    "lab_magnesium": 1.9513279742765273,
    "lab_platelets_x_1000": 215.73778280542987,
    "lab_potassium": 4.019872767857143,
    "lab_sodium": 138.26455668284075,
    "lab_total_protein": 6.366475972540046,
    "vital_cvp": 30.21014492753623,
    "vital_heartrate": 83.21812968681077,
    "vital_respiration": 19.250241080038574,
    "vital_sao2": 96.67255252570406,
    "vital_st1": 0.8708981041005687,
    "vital_st2": 2.1769063617842295,
    "vital_st3": 2.0105207300760117,
    "vital_systemicdiastolic": 58.79857819905213,
    "vital_systemicmean": 79.35764705882353,
    "vital_systemicsystolic": 121.12765957446808
  },
  "global_scaler_scale": {
    "age_num": 17.179403977316447,
    "hospitalid": 119.2978493425571,
    "lab_-basos": 0.39541924581663046,
    "lab_-eos": 1.8872698599863826,
    "lab_-lymphs": 11.188976857062254,
    "lab_-monos": 3.6532667896399076,
    "lab_-polys": 14.47519896133555,
    "lab_ALT_(SGPT)": 178.13004206844658,
    "lab_AST_(SGOT)": 246.4217936000653,
    "lab_BUN": 15.936874321191198,
    "lab_Hct": 6.4571795016107965,
    "lab_Hgb": 2.26462797742336,
    "lab_MCH": 2.630900972327787,
    "lab_MCHC": 1.357911397849486,
    "lab_MCV": 6.713650179621049,
    "lab_MPV": 1.3067209592376972,
    "lab_RBC": 0.7481637507215195,
    "lab_RDW": 2.2318806841208643,
    "lab_WBC_x_1000": 5.49102595739968,
    "lab_albumin": 0.7472151779345588,
    "lab_anion_gap": 3.949883727251112,
    "lab_bedside_glucose": 46.12616329516174,
    "lab_bicarbonate": 4.687281000268316,
    "lab_calcium": 0.6770755728952825,
    "lab_chloride": 5.6398293699895,
    "lab_creatinine": 1.3629964112740238,
    "lab_glucose": 63.29419726756096,
    "lab_magnesium": 0.35982546030853646,
    "lab_platelets_x_1000": 95.22077061319143,
    "lab_potassium": 0.4763139199412914,
    "lab_sodium": 4.513305312914367,
    "lab_total_protein": 1.006561849779652,
    "vital_cvp": 67.528531586581,
    "vital_heartrate": 16.223249297335837,
    "vital_respiration": 4.7561118816924886,
    "vital_sao2": 3.4797385771814047,
    "vital_st1": 7.30583034535531,
    "vital_st2": 20.39411665481495,
    "vital_st3": 19.45563412033604,
    "vital_systemicdiastolic": 12.110801565799012,
    "vital_systemicmean": 17.91070252815068,
    "vital_systemicsystolic": 21.80680844420862
  },
  "p3_k": null,
  "p3_selected_idx": null,
  "p3_feature_names": null,
  "p3_declared_leakage": null
}